Guarantors,Concurrent Credits,Type of apartment,No of dependents,Telephone,Foreign Worker,Creditability
1,2,2,1,1,1,1
1,3,2,1,2,1,1
1,3,2,1,1,1,1
1,3,2,1,1,1,1
1,3,2,1,1,1,1
1,3,1,1,1,1,1
1,3,2,1,2,1,1
1,2,2,1,2,1,1
1,3,2,1,1,1,1
1,3,2,1,1,1,1
1,3,1,1,2,1,1
1,3,2,1,2,1,1
1,3,1,1,2,1,1
1,3,1,1,2,1,1
1,3,2,1,2,1,1
1,3,2,1,2,1,1
2,3,1,1,1,1,1
1,3,2,1,1,1,1
1,1,3,1,2,1,1
2,3,3,1,2,1,1
2,3,2,1,1,1,1
1,3,2,1,1,1,1
1,3,1,1,1,1,1
3,3,1,1,1,1,1
1,3,2,1,1,1,1
1,3,3,1,2,1,1
1,3,1,1,2,1,1
1,2,2,1,1,1,1
1,2,2,2,2,1,1
1,2,2,1,1,1,1
1,3,1,1,2,1,1
1,1,2,1,1,1,1
1,3,2,1,2,1,1
1,3,2,1,2,1,1
1,3,3,1,1,1,1
1,1,3,1,2,1,1
1,3,3,2,2,1,1
1,3,1,1,2,1,1
1,3,1,1,1,1,1
1,3,3,2,1,1,1
1,3,2,1,1,1,1
1,3,2,1,1,1,1
1,3,2,1,1,1,1
1,3,2,1,1,1,1
1,1,2,1,2,1,1
1,3,2,1,1,1,1
1,3,2,1,1,1,1
1,3,2,1,1,1,1
1,2,1,1,1,1,1
1,3,1,1,1,1,1
1,1,3,1,2,1,1
1,3,3,1,1,1,1
1,3,2,1,2,1,1
1,3,3,1,1,1,1
1,3,3,1,1,1,1
1,3,2,2,1,1,1
1,1,2,2,1,1,1
1,3,2,1,1,1,1
1,1,2,1,1,1,1
1,3,1,1,1,1,1
1,3,3,1,1,1,0
1,1,2,2,1,1,0
1,1,2,2,1,1,0
1,1,3,1,2,1,0
1,3,2,1,1,1,0
1,2,2,2,2,1,0
1,3,1,1,1,1,0
1,1,2,1,2,1,0
1,1,3,2,1,1,0
1,3,2,2,1,1,0
1,1,2,1,1,1,0
1,3,2,1,2,1,0
1,3,2,2,1,1,0
1,3,1,1,1,1,0
1,1,2,1,1,1,0
1,3,3,2,1,1,0
1,3,1,1,1,1,0
2,1,1,1,1,1,0
1,3,1,1,1,1,0
1,3,1,1,2,1,0
1,2,1,1,1,1,0
1,3,2,1,1,1,0
1,3,1,1,2,1,0
1,3,1,1,2,1,0
1,3,2,2,1,1,0
1,1,2,1,2,1,0
1,1,2,1,2,1,0
1,3,2,1,1,1,0
1,3,3,1,2,1,0
1,1,2,2,1,1,0
1,3,1,1,2,1,0
1,2,3,1,2,1,0
2,3,2,1,1,1,0
1,3,1,1,1,1,0
1,3,2,1,1,1,0
1,1,2,1,2,1,0
1,1,2,1,2,2,0
1,1,2,1,2,1,0
1,3,2,1,2,1,0
1,3,3,1,2,1,0
1,3,2,1,2,1,0
1,3,2,1,2,1,0
1,3,2,1,2,1,0
1,1,1,1,1,1,0
3,3,2,1,2,1,0
1,2,2,1,2,1,0
1,3,2,1,2,2,0
1,3,2,1,1,1,0
1,3,2,1,1,1,0
1,3,1,1,2,1,0
1,3,2,1,1,1,0
1,3,3,1,2,1,0
1,3,3,2,2,1,0
1,1,1,1,2,1,0
1,3,1,1,2,1,0
1,3,1,2,1,1,0
2,3,2,1,1,1,0
1,3,3,1,2,1,0
1,3,2,1,2,1,0
1,3,2,1,1,1,0
